{"accuracy": 0.7615403788634098, "precision": 0.9150278884462152, "recall": 0.8062061218758776, "f1_score": 0.8571769799208778, "confusion_matrix": [[1844, 2666], [6901, 28709]], "balanced_accuracy": 0.6075376507383823, "balanced_precision": 0.5629456194661036, "balanced_recall": 0.6075376507383823, "balanced_f1_score": 0.5677058041814875, "roc_auc": 0.6484905863035807}