{"precision": 0.9059244366693647, "recall": 0.9743330525133389, "f1_score": 0.9388843036707302, "confusion_matrix": [[907, 3603], [914, 34696]], "fpr": 0.7988913525498892, "specificity": 0.20110864745011087, "classification_report": {"0": {"precision": 0.49807797913234486, "recall": 0.20110864745011087, "f1-score": 0.2865266150687095, "support": 4510.0}, "1": {"precision": 0.9059244366693647, "recall": 0.9743330525133389, "f1-score": 0.9388843036707302, "support": 35610.0}, "accuracy": 0.8874127617148554, "macro avg": {"precision": 0.7020012079008549, "recall": 0.5877208499817249, "f1-score": 0.6127054593697199, "support": 40120.0}, "weighted avg": {"precision": 0.8600772900220077, "recall": 0.8874127617148554, "f1-score": 0.8655509742690574, "support": 40120.0}}, "pr_auc": 0.9182000629002621}