{"precision": 0.9052084421690524, "recall": 0.9731816905363662, "f1_score": 0.9379651933851192, "confusion_matrix": [[881, 3629], [955, 34655]], "fpr": 0.8046563192904657, "specificity": 0.19534368070953437, "classification_report": {"0": {"precision": 0.4798474945533769, "recall": 0.19534368070953437, "f1-score": 0.2776552158840214, "support": 4510.0}, "1": {"precision": 0.9052084421690524, "recall": 0.9731816905363662, "f1-score": 0.9379651933851192, "support": 35610.0}, "accuracy": 0.8857427716849452, "macro avg": {"precision": 0.6925279683612147, "recall": 0.5842626856229503, "f1-score": 0.6078102046345704, "support": 40120.0}, "weighted avg": {"precision": 0.8573924433219263, "recall": 0.8857427716849452, "f1-score": 0.8637379252263468, "support": 40120.0}}, "pr_auc": 0.920347354703974}