{"accuracy": 0.8908773678963111, "precision": 0.9080267558528428, "recall": 0.9759056444818871, "f1_score": 0.9407433475000677, "confusion_matrix": [[990, 3520], [858, 34752]], "balanced_accuracy": 0.5977089198019192, "balanced_precision": 0.7218705207835643, "balanced_recall": 0.5977089198019192, "balanced_f1_score": 0.6260810163105874, "roc_auc": 0.643199084564178}